{
  "mdr": {
    "x": -37.057262183962635,
    "y": -59.48727127489457,
    "z": 50.88714431183506,
    "yaw": 4.8877573,
    "pitch": 46.561768,
    "dimension": "minecraft:overworld"
  }
}